metric,F,df1,df2,p,eta2,welch_F,welch_p,kruskal_H,kruskal_p,levene_W,levene_p,holm_p
t10,419.89773913043445,2,297,2.725872950574439e-87,0.7387392845242781,343.15385342565855,5.231684098640596e-64,226.80312021466005,5.627664598754517e-50,4.6103609809864965,0.010670829404624153,1.6355237703446634e-86
t50,1665.3951041877347,2,297,3.957959334826894e-162,0.9181319803680166,1258.591496615277,4.745088216264972e-110,258.31294658434246,8.092008813680695e-57,9.534580156858446,9.698118963287227e-05,3.1663674678615154e-161
peak_infected,840.1835744887211,2,297,5.437089568850412e-123,0.8498002760116714,741.8626136252703,2.46521964958871e-92,202.17290809039753,1.255193879788453e-44,3.5468434067348844,0.03004230356324516,3.8059626981952884e-122
final_size,333.1903163668768,2,297,1.2892671068352599e-76,0.6917106386525409,462.25044550832615,3.791622666951349e-66,227.7096999799827,3.576571499043459e-50,55.54405896903627,3.2164082646470304e-21,6.4463355341763e-76
active_spreader_auc,3.8257200409342347,2,297,0.022885071388955073,0.025115391149348614,3.6783294798414143,0.027009154288523334,7.927683709091461,0.018990017083643597,0.5151535519972381,0.5979416727055772,0.06865521416686522
unique_exposed_fraction,235.36001964636583,2,297,5.645540276040486e-62,0.6131402271671668,,,257.00788418055254,1.553985804966109e-56,110.4553455019557,1.3724092245517606e-36,2.2582161104161945e-61
attempted_exposures,3.467113312740734,2,297,0.032475863004555454,0.022814892230041826,3.3972685576050523,0.03542750655475612,6.764098782744055,0.033977749625548094,0.08316782369530785,0.9202181263288673,0.06865521416686522
repeat_exposures,3.398467524049931,2,297,0.03472958557952246,0.022373283808882767,3.3301473190129753,0.03780353608167002,6.651442786102896,0.03594657778629956,0.08002912896585293,0.9231093563974132,0.06865521416686522
